{
  "logged_at": "2025-08-31T01:00:31.366983",
  "custom_metrics": {
    "trained_digits": {
      "train_accuracy": 99.30779569892474,
      "val_accuracy": 98.69088966069998,
      "test_accuracy": 99.17381633301557,
      "train_loss": 0.022377887000769474,
      "val_loss": 0.048898578655977055,
      "test_loss": 0.027779713675299716
    },
    "monitored_digits": {
      "train_accuracy": 0.0,
      "val_accuracy": 0.0,
      "test_accuracy": 0.0,
      "train_loss": 11.456999390526155,
      "val_loss": 11.463948366934794,
      "test_loss": 11.34116905927658
    },
    "all_even": {
      "train_accuracy": 39.836468395187254,
      "val_accuracy": 39.72486413043478,
      "test_accuracy": 40.39788875355258,
      "train_loss": 6.491103719566572,
      "val_loss": 6.471088824064835,
      "test_loss": 6.473134257576683
    },
    "all_odd": {
      "train_accuracy": 22.028201344482703,
      "val_accuracy": 22.169502617801047,
      "test_accuracy": 22.29010642491131,
      "train_loss": 8.701695034017114,
      "val_loss": 8.716209098696709,
      "test_loss": 8.621169900894165
    },
    "low_digits": {
      "train_accuracy": 60.445044381723726,
      "val_accuracy": 60.07480891201821,
      "test_accuracy": 60.73165985600311,
      "train_loss": 4.178330411461635,
      "val_loss": 4.183819190743043,
      "test_loss": 4.044717953528887
    },
    "high_digits": {
      "train_accuracy": 0.0,
      "val_accuracy": 0.0,
      "test_accuracy": 0.0,
      "train_loss": 11.183175084390614,
      "val_loss": 11.204904773960942,
      "test_loss": 11.288493595625225
    }
  }
}