epoch,train_loss,val_loss,test_loss,monitor_train_loss,monitor_val_loss,monitor_test_loss
1,0.09245116580060339,0.04431998228823956,,9.02895917934654,9.0156686013205,8.957714080810547
2,0.032958066470915044,0.048898578655977055,,11.456999390526155,11.463948366934794,11.34116905927658
