epoch,train_loss,val_loss,test_loss,monitor_train_loss,monitor_val_loss,monitor_test_loss
1,0.18166775550821393,0.07515486421945848,,,,
2,0.07185042075807889,0.07149526054333699,,,,
3,0.055035338292351715,0.04515385047875737,,,,
